[
{ "name":"Pi GPIO", "type":"extension", "file":"piGPIOExtension.js", "md5":"pigpio.png", "url":"file:///usr/lib/scratch2/scratch_extensions/gpio.html", "tags":["hardware"]  },
{ "name":"Pi SenseHAT", "type":"extension", "file":"piSenseHATExtension.js", "md5":"pisensehat.png", "url":"file:///usr/lib/scratch2/scratch_extensions/sensehat.html", "tags":["hardware"]  },
{ "name":"GrovePi", "type":"extension", "file":"piGrovePiExtension.js", "md5":"grovepi.png", "url":"file:///usr/lib/scratch2/scratch_extensions/grovepi.html", "tags":["hardware"]  }
]
