{
  "execPath": "C:/Users/rober/.platformio/packages/toolchain-atmelavr/bin/avr-g++.exe",
  "gccDefaultCFlags": "-fsyntax-only -std=gnu11 -fno-fat-lto-objects -Os -Wall -ffunction-sections -fdata-sections -flto -mmcu=atmega328p -DF_CPU=16000000L -DPLATFORMIO=30601 -DARDUINO_AVR_MICRODUINO_CORE -DARDUINO_ARCH_AVR -DARDUINO=10805",
  "gccDefaultCppFlags": "-fsyntax-only -fno-exceptions -fno-threadsafe-statics -fpermissive -std=gnu++11 -Os -Wall -ffunction-sections -fdata-sections -flto -mmcu=atmega328p -DF_CPU=16000000L -DPLATFORMIO=30601 -DARDUINO_AVR_MICRODUINO_CORE -DARDUINO_ARCH_AVR -DARDUINO=10805",
  "gccErrorLimit": 15,
  "gccIncludePaths": "C:/Users/rober/.platformio/packages/framework-arduinoavr/cores/arduino,C:/Users/rober/.platformio/packages/framework-arduinoavr/variants/standard,C:/Users/rober/.platformio/packages/framework-arduinoavr/libraries/__cores__/arduino/Wire/src,C:/Users/rober/.platformio/packages/framework-arduinoavr/libraries/__cores__/arduino/EEPROM/src,C:/Users/rober/.platformio/packages/framework-arduinoavr/libraries/__cores__/arduino/HID/src,C:/Users/rober/.platformio/packages/framework-arduinoavr/libraries/__cores__/arduino/SPI/src,C:/Users/rober/.platformio/packages/framework-arduinoavr/libraries/__cores__/arduino/SoftwareSerial/src,C:/Users/rober/.platformio/packages/framework-arduinoavr/libraries/Adafruit_CircuitPlayground,C:/Users/rober/.platformio/packages/framework-arduinoavr/libraries/Adafruit_CircuitPlayground/utility,C:/Users/rober/.platformio/packages/framework-arduinoavr/libraries/Bridge/src,C:/Users/rober/.platformio/packages/framework-arduinoavr/libraries/Esplora/src,C:/Users/rober/.platformio/packages/framework-arduinoavr/libraries/Ethernet/src,C:/Users/rober/.platformio/packages/framework-arduinoavr/libraries/Firmata,C:/Users/rober/.platformio/packages/framework-arduinoavr/libraries/Firmata/utility,C:/Users/rober/.platformio/packages/framework-arduinoavr/libraries/GSM/src,C:/Users/rober/.platformio/packages/framework-arduinoavr/libraries/Keyboard/src,C:/Users/rober/.platformio/packages/framework-arduinoavr/libraries/LiquidCrystal/src,C:/Users/rober/.platformio/packages/framework-arduinoavr/libraries/Mouse/src,C:/Users/rober/.platformio/packages/framework-arduinoavr/libraries/RobotIRremote/src,C:/Users/rober/.platformio/packages/framework-arduinoavr/libraries/Robot_Control/src,C:/Users/rober/.platformio/packages/framework-arduinoavr/libraries/Robot_Motor/src,C:/Users/rober/.platformio/packages/framework-arduinoavr/libraries/SD/src,C:/Users/rober/.platformio/packages/framework-arduinoavr/libraries/Servo/src,C:/Users/rober/.platformio/packages/framework-arduinoavr/libraries/SpacebrewYun/src,C:/Users/rober/.platformio/packages/framework-arduinoavr/libraries/Stepper/src,C:/Users/rober/.platformio/packages/framework-arduinoavr/libraries/TFT/src,C:/Users/rober/.platformio/packages/framework-arduinoavr/libraries/Temboo/src,C:/Users/rober/.platformio/packages/framework-arduinoavr/libraries/WiFi/src,C:/Users/rober/.platformio/packages/toolchain-atmelavr/avr/include,C:/Users/rober/.platformio/packages/toolchain-atmelavr/lib/gcc/avr/4.9.2/include,C:/Users/rober/.platformio/packages/toolchain-atmelavr/lib/gcc/avr/4.9.2/include-fixed,C:/Users/rober/.platformio/packages/tool-unity",
  "gccSuppressWarnings": false
}
